'parenting-body-care',
'parenting-penis-care',
'parenting-head-hair',
'parenting-rashes-skin-conditions',
'parenting-baby-safety',
'parenting-sun-safety',
'parenting-sids',
'parenting-cosleeping',
'parenting-illness-cold-flu',
'parenting-infections',
'parenting-baby-poop',
'parenting-constipation-diarrhea',


ttc-adoption, 1, c1qZumRx6gOUkmC4I8eMw
ttc-surrogacy, 1, 2TWXoSZNOMkyCocQUoiKO6
parenting-body-care, 1, 6B5uOwOcZGk0S2yEeG2iQg
parenting-penis-care, 1, 324Ztwd6Kk8Eyimk2WSwGO
parenting-head-hair, 1, 2gnSgckaGoooc0oWYS6eWm
parenting-rashes-skin-conditions, 1, 2x7mhrjRxCuCIuoYcww4qC
parenting-baby-safety, 1, 4fge0yWregqWMIaGysIoWS
parenting-sun-safety, 1, dWHt654LLiAKUgKm2wSKa
parenting-safe-sleep, 0, 0
parenting-sids, 1, 4HusAMxvDy8aqC482U8IYY
parenting-cosleeping, 1, xQ3nHSKPe0wooSau8AMGK
parenting-illness-cold-flu, 1, 3DJBwwCaooUkaesgk8OwkO
parenting-infections, 1, 5a3hfp3CrmowC0yGGuocY4
parenting-baby-poop, 1, 5DfUCW5gGsWOsc8q6aSWY8
parenting-constipation-diarrhea, 1, 2y7iuSrFheMgAqWCIsEkI6